{
  "baseline": {
    "n_runs": 20,
    "hacks_per_year": 2.325,
    "raw_losses_per_year": 71.51273335128464,
    "mean_loss_per_hack": 30.758164882272972,
    "median_loss": 8.33758397886197,
    "mean_blast": 0.13524410033390505,
    "mean_effort": 9.316746850494685,
    "loss_rate_bps": 57.285165858422964,
    "mean_U": 9.172751104993491,
    "mean_gamma": 0.37976125436280644,
    "mean_h": 1.1509833333333335,
    "insured_frac": 1.0,
    "collateral_to_coverage": 0.7500665317991454,
    "mean_C_total": 5079.130781319565,
    "final_r_pool": 0.10000000000000002,
    "shortfall_runs": 0.0,
    "pred_vs_realized_hacks": [
      4.343133973602077,
      4.65
    ],
    "fp_converged": 0.9625
  },
  "moral_hazard": {
    "full_mechanism": {
      "n_runs": 20,
      "hacks_per_year": 2.325,
      "raw_losses_per_year": 71.51273335128464,
      "mean_loss_per_hack": 30.758164882272972,
      "median_loss": 8.33758397886197,
      "mean_blast": 0.13524410033390505,
      "mean_effort": 9.316746850494685,
      "loss_rate_bps": 57.285165858422964,
      "mean_U": 9.172751104993491,
      "mean_gamma": 0.37976125436280644,
      "mean_h": 1.1509833333333335,
      "insured_frac": 1.0,
      "collateral_to_coverage": 0.7500665317991454,
      "mean_C_total": 5079.130781319565,
      "final_r_pool": 0.10000000000000002,
      "shortfall_runs": 0.0,
      "pred_vs_realized_hacks": [
        4.343133973602077,
        4.65
      ],
      "fp_converged": 0.9625
    },
    "no_forfeiture": {
      "n_runs": 20,
      "hacks_per_year": 10.8,
      "raw_losses_per_year": 162.39459804999257,
      "mean_loss_per_hack": 15.036536856480796,
      "median_loss": 8.783818541701256,
      "mean_blast": 0.38857625653496086,
      "mean_effort": 9.99242423412596,
      "loss_rate_bps": 318.7069512671277,
      "mean_U": 9.771050758436285,
      "mean_gamma": 0.3378664788684752,
      "mean_h": 0.18456666666666663,
      "insured_frac": 1.0,
      "collateral_to_coverage": 1.3361162432453324,
      "mean_C_total": 7419.953165415017,
      "final_r_pool": 0.10000000000000002,
      "shortfall_runs": 0.0,
      "pred_vs_realized_hacks": [
        22.024787635434407,
        21.6
      ],
      "fp_converged": 0.94375
    },
    "no_insurance": {
      "n_runs": 20,
      "hacks_per_year": 2.075,
      "raw_losses_per_year": 68.19768744744802,
      "mean_loss_per_hack": 32.8663553963605,
      "median_loss": 5.879185779811199,
      "mean_blast": 0.12158795372128058,
      "mean_effort": 9.242485936434319,
      "loss_rate_bps": null,
      "mean_U": 0.0,
      "mean_gamma": 0.6230456484977925,
      "mean_h": 1.1402624999999997,
      "insured_frac": 0.0,
      "collateral_to_coverage": null,
      "mean_C_total": 289.2934421896849,
      "final_r_pool": 0.10000000000000002,
      "shortfall_runs": 0.0,
      "pred_vs_realized_hacks": [
        4.4476559507043945,
        4.15
      ],
      "fp_converged": 1.0
    }
  },
  "eta_sweep": {
    "0.0": {
      "n_runs": 15,
      "hacks_per_year": 1.9,
      "raw_losses_per_year": 65.26230801485357,
      "mean_loss_per_hack": 34.34858316571241,
      "median_loss": 10.658615792307556,
      "mean_blast": 0.1240689249025958,
      "mean_effort": 10.243190806996715,
      "loss_rate_bps": 47.91495306524689,
      "mean_U": 9.062554504663755,
      "mean_gamma": 0.37779213407374007,
      "mean_h": 0.9122611111111109,
      "insured_frac": 1.0,
      "collateral_to_coverage": 0.7537631022765422,
      "mean_C_total": 5011.6303329604825,
      "final_r_pool": 0.10000000000000003,
      "shortfall_runs": 0.0,
      "pred_vs_realized_hacks": [
        3.7670914683543573,
        3.8
      ],
      "fp_converged": 0.9833333333333333
    },
    "0.1": {
      "n_runs": 15,
      "hacks_per_year": 1.8666666666666667,
      "raw_losses_per_year": 63.8679199788576,
      "mean_loss_per_hack": 34.21495713153086,
      "median_loss": 9.818176546759727,
      "mean_blast": 0.1058020629700275,
      "mean_effort": 9.870380519906936,
      "loss_rate_bps": 46.72855013397178,
      "mean_U": 9.129713518141054,
      "mean_gamma": 0.3786757050155926,
      "mean_h": 1.0430722222222222,
      "insured_frac": 1.0,
      "collateral_to_coverage": 0.7500157949449026,
      "mean_C_total": 5020.868000044872,
      "final_r_pool": 0.10000000000000003,
      "shortfall_runs": 0.0,
      "pred_vs_realized_hacks": [
        3.9048354105392504,
        3.7333333333333334
      ],
      "fp_converged": 0.9583333333333334
    },
    "0.2": {
      "n_runs": 15,
      "hacks_per_year": 2.1,
      "raw_losses_per_year": 66.73773722874157,
      "mean_loss_per_hack": 31.779874870829314,
      "median_loss": 8.33758397886197,
      "mean_blast": 0.13411664343000446,
      "mean_effort": 9.26120493860752,
      "loss_rate_bps": 51.11000835858762,
      "mean_U": 9.152567251333636,
      "mean_gamma": 0.3797036443546215,
      "mean_h": 1.1470055555555554,
      "insured_frac": 1.0,
      "collateral_to_coverage": 0.7482738243660546,
      "mean_C_total": 5057.607491319819,
      "final_r_pool": 0.10000000000000003,
      "shortfall_runs": 0.0,
      "pred_vs_realized_hacks": [
        4.319181492029662,
        4.2
      ],
      "fp_converged": 0.9583333333333334
    },
    "0.29": {
      "n_runs": 15,
      "hacks_per_year": 2.033333333333333,
      "raw_losses_per_year": 61.532449407678065,
      "mean_loss_per_hack": 30.261860364431843,
      "median_loss": 5.24544776183315,
      "mean_blast": 0.11991020729142388,
      "mean_effort": 8.706145422799443,
      "loss_rate_bps": 41.70684518512251,
      "mean_U": 9.190896162822371,
      "mean_gamma": 0.3796051841387913,
      "mean_h": 1.2281777777777778,
      "insured_frac": 1.0,
      "collateral_to_coverage": 0.7494834532888426,
      "mean_C_total": 5072.534490010742,
      "final_r_pool": 0.10000000000000003,
      "shortfall_runs": 0.0,
      "pred_vs_realized_hacks": [
        4.854859766109352,
        4.066666666666666
      ],
      "fp_converged": 0.9916666666666667
    },
    "0.5": {
      "n_runs": 15,
      "hacks_per_year": 3.1666666666666665,
      "raw_losses_per_year": 69.24299013935955,
      "mean_loss_per_hack": 21.86620741242933,
      "median_loss": 2.8673163372519785,
      "mean_blast": 0.1536001972833855,
      "mean_effort": 8.19183383951108,
      "loss_rate_bps": 49.90980505815074,
      "mean_U": 9.155066413653666,
      "mean_gamma": 0.3749839269402774,
      "mean_h": 1.277488888888889,
      "insured_frac": 1.0,
      "collateral_to_coverage": 0.768023235554844,
      "mean_C_total": 5232.019596187792,
      "final_r_pool": 0.10000000000000003,
      "shortfall_runs": 0.0,
      "pred_vs_realized_hacks": [
        6.716254247806814,
        6.333333333333333
      ],
      "fp_converged": 0.9333333333333333
    }
  },
  "eta_decile_profiles": {
    "0.0": [
      [
        1.0,
        2.0,
        3.0,
        4.0,
        5.0,
        6.0,
        7.0,
        8.0,
        9.0,
        10.0
      ],
      [
        0.0015587365206097535,
        0.00044800128187975414,
        0.0,
        0.0006595856639927767,
        0.0007805460224296892,
        0.0010777557035386053,
        0.0007349367895265642,
        0.0010805982587180436,
        0.0040072749437754015,
        0.027384765448601314
      ]
    ],
    "0.1": [
      [
        1.0,
        2.0,
        3.0,
        4.0,
        5.0,
        6.0,
        7.0,
        8.0,
        9.0,
        10.0
      ],
      [
        0.0,
        0.00038660198554125563,
        0.001599921316149075,
        0.0004993041130133356,
        0.0008672896443924325,
        0.0008307670350961863,
        0.0011776361561757574,
        0.002073498333069806,
        0.004706926369728843,
        0.026594817407495305
      ]
    ],