{
  "baseline": {
    "n_runs": 20,
    "hacks_per_year": 2.3,
    "raw_losses_per_year": 70.95291852841862,
    "mean_loss_per_hack": 30.84909501235592,
    "median_loss": 7.5057529676210555,
    "mean_blast": 0.12963336836312198,
    "mean_effort": 9.284041711569015,
    "loss_rate_bps": 55.54669742811619,
    "mean_U": 9.043347872911054,
    "mean_gamma": 0.3770423438243684,
    "mean_h": 1.1595583333333332,
    "insured_frac": 1.0,
    "shortfall_runs": 0.0,
    "pred_vs_realized_hacks": [
      4.229488626715514,
      4.6
    ],
    "fp_converged": 0.9875
  },
  "moral_hazard": {
    "full_mechanism": {
      "n_runs": 20,
      "hacks_per_year": 2.3,
      "raw_losses_per_year": 70.95291852841862,
      "mean_loss_per_hack": 30.84909501235592,
      "median_loss": 7.5057529676210555,
      "mean_blast": 0.12963336836312198,
      "mean_effort": 9.284041711569015,
      "loss_rate_bps": 55.54669742811619,
      "mean_U": 9.043347872911054,
      "mean_gamma": 0.3770423438243684,
      "mean_h": 1.1595583333333332,
      "insured_frac": 1.0,
      "shortfall_runs": 0.0,
      "pred_vs_realized_hacks": [
        4.229488626715514,
        4.6
      ],
      "fp_converged": 0.9875
    },
    "no_forfeiture": {
      "n_runs": 20,
      "hacks_per_year": 10.8,
      "raw_losses_per_year": 163.15354245475643,
      "mean_loss_per_hack": 15.106809486551525,
      "median_loss": 8.827983201815549,
      "mean_blast": 0.39003861143771323,
      "mean_effort": 10.005607937815125,
      "loss_rate_bps": 317.76115237421436,
      "mean_U": 8.709444631358107,
      "mean_gamma": 0.3377495882006379,
      "mean_h": 0.17985,
      "insured_frac": 1.0,
      "shortfall_runs": 0.0,
      "pred_vs_realized_hacks": [
        22.166855589379466,
        21.6
      ],
      "fp_converged": 0.93125
    },
    "no_insurance": {
      "n_runs": 20,
      "hacks_per_year": 2.075,
      "raw_losses_per_year": 68.19768744744802,
      "mean_loss_per_hack": 32.8663553963605,
      "median_loss": 5.879185779811199,
      "mean_blast": 0.12158795372128058,
      "mean_effort": 9.242485936434319,
      "loss_rate_bps": null,
      "mean_U": 0.0,
      "mean_gamma": 0.6230456484977925,
      "mean_h": 1.1402624999999997,
      "insured_frac": 0.0,
      "shortfall_runs": 0.0,
      "pred_vs_realized_hacks": [
        4.4476559507043945,
        4.15
      ],
      "fp_converged": 1.0
    }
  },
  "eta_sweep": {
    "0.0": {
      "n_runs": 15,
      "hacks_per_year": 2.0,
      "raw_losses_per_year": 72.21798990620778,
      "mean_loss_per_hack": 36.108994953103895,
      "median_loss": 10.574082338625203,
      "mean_blast": 0.12869149186273748,
      "mean_effort": 10.315409666258393,
      "loss_rate_bps": 51.825897753312006,
      "mean_U": 8.993495642908686,
      "mean_gamma": 0.376129643357961,
      "mean_h": 0.9188722222222221,
      "insured_frac": 1.0,
      "shortfall_runs": 0.0,
      "pred_vs_realized_hacks": [
        3.6774279074092044,
        4.0
      ],
      "fp_converged": 0.9916666666666667
    },
    "0.1": {
      "n_runs": 15,
      "hacks_per_year": 1.8666666666666667,
      "raw_losses_per_year": 64.80015333939545,
      "mean_loss_per_hack": 34.714367860390425,
      "median_loss": 9.818176546759727,
      "mean_blast": 0.10544080703340711,
      "mean_effort": 9.943301640836063,
      "loss_rate_bps": 48.4397011738953,
      "mean_U": 9.044636471840022,
      "mean_gamma": 0.3763725366081719,
      "mean_h": 1.0510666666666666,
      "insured_frac": 1.0,
      "shortfall_runs": 0.0,
      "pred_vs_realized_hacks": [
        3.798064482501261,
        3.7333333333333334
      ],
      "fp_converged": 0.975
    },
    "0.2": {
      "n_runs": 15,
      "hacks_per_year": 2.066666666666667,
      "raw_losses_per_year": 66.35968334496025,
      "mean_loss_per_hack": 32.10952419917431,
      "median_loss": 7.5057529676210555,
      "mean_blast": 0.12730397288989953,
      "mean_effort": 9.25408178556564,
      "loss_rate_bps": 49.54753343947973,
      "mean_U": 9.03735278111194,
      "mean_gamma": 0.37726729419632876,
      "mean_h": 1.155338888888889,
      "insured_frac": 1.0,
      "shortfall_runs": 0.0,
      "pred_vs_realized_hacks": [
        4.209144821958054,
        4.133333333333334
      ],
      "fp_converged": 0.9833333333333333
    },
    "0.29": {
      "n_runs": 15,
      "hacks_per_year": 1.9,
      "raw_losses_per_year": 59.63978377556108,
      "mean_loss_per_hack": 31.38935988187425,
      "median_loss": 5.24544776183315,
      "mean_blast": 0.11637597700675377,
      "mean_effort": 8.67970712576838,
      "loss_rate_bps": 38.323919810105686,
      "mean_U": 9.088992084337173,
      "mean_gamma": 0.37693152058919827,
      "mean_h": 1.2371666666666667,
      "insured_frac": 1.0,
      "shortfall_runs": 0.0,
      "pred_vs_realized_hacks": [
        4.735768192828693,
        3.8
      ],
      "fp_converged": 0.9833333333333333
    },
    "0.5": {
      "n_runs": 15,
      "hacks_per_year": 3.1666666666666665,
      "raw_losses_per_year": 70.2295951580509,
      "mean_loss_per_hack": 22.177766892016074,
      "median_loss": 2.8673163372519785,
      "mean_blast": 0.1494908993447294,
      "mean_effort": 8.178919645316643,
      "loss_rate_bps": 50.30193219151227,
      "mean_U": 9.104103172477611,
      "mean_gamma": 0.37387531070281416,
      "mean_h": 1.280961111111111,
      "insured_frac": 1.0,
      "shortfall_runs": 0.0,
      "pred_vs_realized_hacks": [
        6.673941686866527,
        6.333333333333333
      ],
      "fp_converged": 0.975
    }
  },
  "eta_decile_profiles": {
    "0.0": [
      [
        1.0,
        2.0,
        3.0,
        4.0,
        5.0,
        6.0,
        7.0,
        8.0,
        9.0,
        10.0
      ],
      [
        0.0015556204866297941,
        0.00044764412082426934,
        0.0,
        0.0006595856639927767,
        0.000777064326493837,
        0.0010777557035386053,
        0.0007349367895265642,
        0.0010805982587180436,
        0.003997813271062995,
        0.027318088888720816
      ]
    ],
    "0.1": [
      [
        1.0,
        2.0,
        3.0,
        4.0,
        5.0,
        6.0,
        7.0,
        8.0,
        9.0,
        10.0
      ],
      [
        0.0,
        0.00038660198554125563,
        0.001599921316149075,
        0.0004993041130133356,
        0.0008672896443924325,
        0.0008307670350961863,
        0.0011776361561757574,
        0.0020700328489723367,
        0.0046896655345012,
        0.026434798761657264
      ]
    ],
    "0.2": [
      [
        1.0,
        2.0,
        3.0,
        4.0,
        5.0,
        6.0,
        7.0,
        8.0,
        9.0,
        10.0
      ],
      [
        0.001689730364183814,
        0.0011468379101703175,
        0.0003318020392584679,
        0.001352645579301042,
        0.0010352109472305685,
        0.0016768831581660693,
        0.0017574775053353917,
        0.0032326011532513746,
        0.0053737986249146295,
        0.02554416132263799
      ]
    ],
    "0.29": [
      [
        1.0,
        2.0,
        3.0,
        4.0,
        5.0,
        6.0,
        7.0,
        8.0,
        9.0,
        10.0
      ],
      [
        0.0005696749704860557,
        0.0011903032624390832,
        0.0019741372138069803,
        0.002577850464644441,
        0.0015345821301192245,
        0.0031191749748309644,
        0.002811748733971534,
        0.0042486575462455985,
        0.005923783878350657,
        0.02462477998398873
      ]
    ],