{
  "n_runs": 1,
  "hacks_per_year": 3.0,
  "raw_losses_per_year": 53.734770021235306,
  "mean_loss_per_hack": 17.911590007078438,
  "median_loss": 9.693030546220722,
  "mean_blast": 0.09820992102625843,
  "mean_effort": 9.38728236829987,
  "loss_rate_bps": 89.29852454621357,
  "mean_U": 8.996475974847861,
  "mean_gamma": 0.37523339076683565,
  "mean_h": 1.1685,
  "insured_frac": 1.0,
  "shortfall_runs": 0.0,
  "pred_vs_realized_hacks": [
    4.336456960861225,
    6.0
  ],
  "fp_converged": 1.0,
  "elapsed_sec": 0.29,
  "fp_iters_by_epoch": [
    13,
    7,
    7,
    7,
    4,
    7,
    4,
    7
  ],
  "mean_h_by_epoch": [
    1.017,
    1.104,
    1.135,
    1.159,
    1.191,
    1.218,
    1.247,
    1.276
  ],
  "U_by_epoch": [
    19.64,
    12.43,
    9.51,
    7.84,
    6.72,
    5.81,
    5.23,
    4.79
  ],
  "gamma_by_epoch": [
    0.536,
    0.425,
    0.379,
    0.357,
    0.335,
    0.326,
    0.323,
    0.321
  ],
  "CLP_by_epoch": [
    431.4,
    580.6,
    719.8,
    855.9,
    1010.7,
    1141.8,
    1274.9,
    1519.5
  ],
  "insured_frac_by_epoch": [
    1.0,
    1.0,
    1.0,
    1.0,
    1.0,
    1.0,
    1.0,
    1.0
  ],
  "floor_check": {
    "frac_above_floor": 1.0,
    "min_slack": 0.031988369839501304
  }
}