{
  "K_250": {
    "n_runs": 10,
    "hacks_per_year": 3.15,
    "raw_losses_per_year": 37.94693969808391,
    "mean_loss_per_hack": 12.04664752320124,
    "median_loss": 6.896827532914864,
    "mean_blast": 0.17460190970309997,
    "mean_effort": 9.008433597120671,
    "loss_rate_bps": 76.5775252746632,
    "mean_U": 11.318256592130759,
    "mean_gamma": 0.42130898779488063,
    "mean_h": 0.8565666666666665,
    "insured_frac": 1.0,
    "collateral_to_coverage": 0.5373435988004207,
    "mean_C_total": 2489.4598335809637,
    "final_r_pool": 0.05368979132146767,
    "shortfall_runs": 0.0,
    "pred_vs_realized_hacks": [
      8.01385918539797,
      6.3
    ],
    "fp_converged": 0.8625
  },
  "K_1000": {
    "n_runs": 10,
    "hacks_per_year": 2.8,
    "raw_losses_per_year": 34.58582457571613,
    "mean_loss_per_hack": 12.352080205612907,
    "median_loss": 7.410952477803152,
    "mean_blast": 0.16520043373791274,
    "mean_effort": 8.983797448143454,
    "loss_rate_bps": 62.5687693265344,
    "mean_U": 11.05139849205963,
    "mean_gamma": 0.41119683232003545,
    "mean_h": 0.9869083333333333,
    "insured_frac": 1.0,
    "collateral_to_coverage": 0.6046655912056472,
    "mean_C_total": 3258.4522804027333,
    "final_r_pool": 0.059826052080680814,
    "shortfall_runs": 0.0,
    "pred_vs_realized_hacks": [
      6.3773086081199235,
      5.6
    ],
    "fp_converged": 0.8125
  },
  "K_4000": {
    "n_runs": 10,
    "hacks_per_year": 2.45,
    "raw_losses_per_year": 41.587434534218204,
    "mean_loss_per_hack": 16.974463075191103,
    "median_loss": 9.858709833834745,
    "mean_blast": 0.14086213927200736,
    "mean_effort": 9.415302920302098,
    "loss_rate_bps": 63.44463675201865,
    "mean_U": 10.294899234137642,
    "mean_gamma": 0.3964950779137594,
    "mean_h": 1.0965,
    "insured_frac": 1.0,
    "collateral_to_coverage": 0.6814525494135664,
    "mean_C_total": 4192.456798512683,
    "final_r_pool": 0.07189428680394909,
    "shortfall_runs": 0.0,
    "pred_vs_realized_hacks": [
      4.99612300064101,
      4.9
    ],
    "fp_converged": 0.9375
  },
  "K_inf": {
    "n_runs": 10,
    "hacks_per_year": 2.1,
    "raw_losses_per_year": 33.39778021140957,
    "mean_loss_per_hack": 15.903704862575982,
    "median_loss": 8.275278716488373,
    "mean_blast": 0.13788839033082864,
    "mean_effort": 9.111195720549356,
    "loss_rate_bps": 52.58177410539766,
    "mean_U": 9.148631314842872,
    "mean_gamma": 0.3796580472433351,
    "mean_h": 1.1485833333333333,
    "insured_frac": 1.0,
    "collateral_to_coverage": 0.7476307303971343,
    "mean_C_total": 5058.255486835905,
    "final_r_pool": 0.1,
    "shortfall_runs": 0.0,
    "pred_vs_realized_hacks": [
      4.308187064615279,
      4.2
    ],
    "fp_converged": 0.9625
  },
  "K_1000_no_forfeiture": {
    "n_runs": 10,
    "hacks_per_year": 10.1,
    "raw_losses_per_year": 143.79106368897928,
    "mean_loss_per_hack": 14.23673897910686,
    "median_loss": 7.8277823512856,
    "mean_blast": 0.3815889086353992,
    "mean_effort": 9.795420063489683,
    "loss_rate_bps": 316.7273329040824,
    "mean_U": 12.994840419167199,
    "mean_gamma": 0.3678767376134987,
    "mean_h": 0.2134666666666667,
    "insured_frac": 1.0,
    "collateral_to_coverage": 1.3405493743997028,
    "mean_C_total": 6501.553368759856,
    "final_r_pool": 0.05649290260808888,
    "shortfall_runs": 0.0,
    "pred_vs_realized_hacks": [
      20.802742286000957,
      20.2
    ],
    "fp_converged": 0.775
  },
  "runtime_sec": 350.4
}