{
  "n_runs": 1,
  "hacks_per_year": 3.0,
  "raw_losses_per_year": 53.734770021235306,
  "mean_loss_per_hack": 17.911590007078438,
  "median_loss": 9.693030546220722,
  "mean_blast": 0.09820992102625843,
  "mean_effort": 9.38728236829987,
  "loss_rate_bps": 87.32825837261025,
  "mean_U": 9.023797597068542,
  "mean_gamma": 0.3757104537410306,
  "mean_h": 1.1679166666666667,
  "insured_frac": 1.0,
  "collateral_to_coverage": 0.757411442520685,
  "mean_C_total": 5213.4981092545195,
  "final_r_pool": 0.1,
  "shortfall_runs": 0.0,
  "pred_vs_realized_hacks": [
    4.346135571710024,
    6.0
  ],
  "fp_converged": 1.0,
  "elapsed_sec": 1.13,
  "fp_iters_by_epoch": [
    13,
    8,
    9,
    9,
    6,
    9,
    4,
    9
  ],
  "mean_h_by_epoch": [
    1.013,
    1.103,
    1.136,
    1.159,
    1.191,
    1.218,
    1.247,
    1.275
  ],
  "U_by_epoch": [
    19.59,
    12.54,
    9.56,
    7.88,
    6.74,
    5.83,
    5.25,
    4.8
  ],
  "gamma_by_epoch": [
    0.536,
    0.427,
    0.379,
    0.357,
    0.335,
    0.326,
    0.324,
    0.321
  ],
  "CLP_by_epoch": [
    427.6,
    577.4,
    716.9,
    853.4,
    1007.9,
    1139.3,
    1272.9,
    1517.1
  ],
  "insured_frac_by_epoch": [
    1.0,
    1.0,
    1.0,
    1.0,
    1.0,
    1.0,
    1.0,
    1.0
  ],
  "floor_check": {
    "frac_above_floor": 1.0,
    "min_slack": 0.031988369839501304
  }
}